"sf__Id","sf__Error",Id
"","MALFORMED_ID:malformed id 0PSOn00003AyQYPGA3:--","0PSOn00003AyQYPGA3"
"","MALFORMED_ID:malformed id 0PSOn00003AyQYQGA3:--","0PSOn00003AyQYQGA3"
"","MALFORMED_ID:malformed id 0PSOn00003AyQYRGA3:--","0PSOn00003AyQYRGA3"
"","MALFORMED_ID:malformed id 0PSOn00003AyQYSGA3:--","0PSOn00003AyQYSGA3"
"","MALFORMED_ID:malformed id 0PSOn00003AyQYTGA3:--","0PSOn00003AyQYTGA3"
"","MALFORMED_ID:malformed id 0PSOn00003AyQYUGA3:--","0PSOn00003AyQYUGA3"
"","MALFORMED_ID:malformed id 0PSOn00003AyQYVGA3:--","0PSOn00003AyQYVGA3"
"","MALFORMED_ID:malformed id 0PSOn00003AyQYWGA3:--","0PSOn00003AyQYWGA3"
"","MALFORMED_ID:malformed id 0PSOn00003AyQYXGA3:--","0PSOn00003AyQYXGA3"
"","MALFORMED_ID:malformed id 0PSOn00003AyQYYGA3:--","0PSOn00003AyQYYGA3"
"","MALFORMED_ID:malformed id 0PSOn00003AyQYZGA3:--","0PSOn00003AyQYZGA3"
"","MALFORMED_ID:malformed id 0PSOn00003AyQYaGA3:--","0PSOn00003AyQYaGA3"
"","MALFORMED_ID:malformed id 0PSOn00003AyQYbGA3:--","0PSOn00003AyQYbGA3"
"","MALFORMED_ID:malformed id 0PSOn00003AyQYcGA3:--","0PSOn00003AyQYcGA3"
"","MALFORMED_ID:malformed id 0PSOn00003AyQYdGA3:--","0PSOn00003AyQYdGA3"
"","MALFORMED_ID:malformed id 0PSOn00003AyQYeGA3:--","0PSOn00003AyQYeGA3"
"","MALFORMED_ID:malformed id 0PSOn00003AyQYfGA3:--","0PSOn00003AyQYfGA3"
"","MALFORMED_ID:malformed id 0PSOn00003AyQYgGA3:--","0PSOn00003AyQYgGA3"
"","MALFORMED_ID:malformed id 0PSOn00003AyQYhGA3:--","0PSOn00003AyQYhGA3"
"","MALFORMED_ID:malformed id 0PSOn00003AyQYiGA3:--","0PSOn00003AyQYiGA3"
"","MALFORMED_ID:malformed id 0PSOn00003AyQYjGA3:--","0PSOn00003AyQYjGA3"
"","MALFORMED_ID:malformed id 0PSOn00003AyQYkGA3:--","0PSOn00003AyQYkGA3"
"","MALFORMED_ID:malformed id 0PSOn00003AyQYlGA3:--","0PSOn00003AyQYlGA3"
"","MALFORMED_ID:malformed id 0PSOn00003AyQYmGA3:--","0PSOn00003AyQYmGA3"
"","MALFORMED_ID:malformed id 0PSOn00003AyQYnGA3:--","0PSOn00003AyQYnGA3"
"","MALFORMED_ID:malformed id 0PSOn00003AyQYoGA3:--","0PSOn00003AyQYoGA3"
"","MALFORMED_ID:malformed id 0PSOn00003AyQYpGA3:--","0PSOn00003AyQYpGA3"
"","MALFORMED_ID:malformed id 0PSOn00003AyQYqGA3:--","0PSOn00003AyQYqGA3"
"","MALFORMED_ID:malformed id 0PSOn00003AyQYrGA3:--","0PSOn00003AyQYrGA3"
"","MALFORMED_ID:malformed id 0PSOn00003AyQYsGA3:--","0PSOn00003AyQYsGA3"
"","MALFORMED_ID:malformed id 0PSOn00003AyQYtGA3:--","0PSOn00003AyQYtGA3"
"","MALFORMED_ID:malformed id 0PSOn00003AyQYuGA3:--","0PSOn00003AyQYuGA3"
"","MALFORMED_ID:malformed id 0PSOn00003AyQYvGA3:--","0PSOn00003AyQYvGA3"
"","MALFORMED_ID:malformed id 0PSOn00003AyQYwGA3:--","0PSOn00003AyQYwGA3"
"","MALFORMED_ID:malformed id 0PSOn00003AyQYxGA3:--","0PSOn00003AyQYxGA3"
"","MALFORMED_ID:malformed id 0PSOn00003AyQYyGA3:--","0PSOn00003AyQYyGA3"
"","MALFORMED_ID:malformed id 0PSOn00003AyQYzGA3:--","0PSOn00003AyQYzGA3"
"","MALFORMED_ID:malformed id 0PSOn00003AyQZ0GA3:--","0PSOn00003AyQZ0GA3"
"","MALFORMED_ID:malformed id 0PSOn00003AyQZ1GA3:--","0PSOn00003AyQZ1GA3"
"","MALFORMED_ID:malformed id 0PSOn00003AyQZ2GA3:--","0PSOn00003AyQZ2GA3"
"","MALFORMED_ID:malformed id 0PSOn00003AyQZ3GA3:--","0PSOn00003AyQZ3GA3"
"","MALFORMED_ID:malformed id 0PSOn00003AyQZ4GA3:--","0PSOn00003AyQZ4GA3"
"","MALFORMED_ID:malformed id 0PSOn00003AyQZ5GA3:--","0PSOn00003AyQZ5GA3"
"","MALFORMED_ID:malformed id 0PSOn00003AyQZ6GA3:--","0PSOn00003AyQZ6GA3"
"","MALFORMED_ID:malformed id 0PSOn00003AyQZ7GA3:--","0PSOn00003AyQZ7GA3"
"","MALFORMED_ID:malformed id 0PSOn00003AyQZ8GA3:--","0PSOn00003AyQZ8GA3"
"","MALFORMED_ID:malformed id 0PSOn00003AyQZ9GA3:--","0PSOn00003AyQZ9GA3"
"","MALFORMED_ID:malformed id 0PSOn00003AyQZAGA3:--","0PSOn00003AyQZAGA3"
"","MALFORMED_ID:malformed id 0PSOn00003AyQZBGA3:--","0PSOn00003AyQZBGA3"
"","MALFORMED_ID:malformed id 0PSOn00003AyQZCGA3:--","0PSOn00003AyQZCGA3"
"","MALFORMED_ID:malformed id 0PSOn00003AyQZDGA3:--","0PSOn00003AyQZDGA3"
"","MALFORMED_ID:malformed id 0PSOn00003AyQZEGA3:--","0PSOn00003AyQZEGA3"
"","MALFORMED_ID:malformed id 0PSOn00003AyQZFGA3:--","0PSOn00003AyQZFGA3"
"","MALFORMED_ID:malformed id 0PSOn00003AyQZGGA3:--","0PSOn00003AyQZGGA3"
"","MALFORMED_ID:malformed id 0PSOn00003AyQZHGA3:--","0PSOn00003AyQZHGA3"
"","MALFORMED_ID:malformed id 0PSOn00003AyQZIGA3:--","0PSOn00003AyQZIGA3"
"","MALFORMED_ID:malformed id 0PSOn00003AyQZJGA3:--","0PSOn00003AyQZJGA3"
"","MALFORMED_ID:malformed id 0PSOn00003AyQZKGA3:--","0PSOn00003AyQZKGA3"
"","MALFORMED_ID:malformed id 0PSOn00003AyQZLGA3:--","0PSOn00003AyQZLGA3"
"","MALFORMED_ID:malformed id 0PSOn00003AyQZMGA3:--","0PSOn00003AyQZMGA3"
"","MALFORMED_ID:malformed id 0PSOn00003AyQZNGA3:--","0PSOn00003AyQZNGA3"
"","MALFORMED_ID:malformed id 0PSOn00003AyQZOGA3:--","0PSOn00003AyQZOGA3"
"","MALFORMED_ID:malformed id 0PSOn00003AyQZPGA3:--","0PSOn00003AyQZPGA3"
"","MALFORMED_ID:malformed id 0PSOn00003AyQZQGA3:--","0PSOn00003AyQZQGA3"
"","MALFORMED_ID:malformed id 0PSOn00003AyQZRGA3:--","0PSOn00003AyQZRGA3"
"","MALFORMED_ID:malformed id 0PSOn00003AyQZSGA3:--","0PSOn00003AyQZSGA3"
"","MALFORMED_ID:malformed id 0PSOn00003AyQZTGA3:--","0PSOn00003AyQZTGA3"
